method,"['sagpool', 'sagpool', 'sagpool', 'sagpool', 'sagpool', 'sagpool', 'sagpool', 'sagpool', 'topk', 'topk', 'topk', 'topk', 'topk', 'topk', 'topk', 'topk']"
train_percentage,"[0.1, 0.02, 0.5, 0.01, 0.2, 0.3, 0.4, 0.05, 0.1, 0.02, 0.5, 0.01, 0.2, 0.3, 0.4, 0.05]"
best_accuracy,"[0.777027027027027, 0.6693313953488372, 0.7762962962962963, 0.5409090909090909, 0.788135593220339, 0.8034006376195537, 0.7851037851037851, 0.6931216931216931, 0.7052456286427977, 0.43812451960030746, 0.8090225563909774, 0.41867704280155643, 0.8005514705882353, 0.801255230125523, 0.8353510895883777, 0.6855828220858896]"
